sold,days,discount,price,r2M,MonthList,MonthSold,NumList,NumPC,NumSold
0,5,0.0,1125000,0.67,6,0,1,0,0
0,13,0.0,879000,0.52,6,0,2,0,0
0,15,0.0,2500000,1.48,6,0,2,0,0
0,14,4.099999999999994,1199000,0.71,5,0,1,1,0
0,119,4.0,1848000,1.09,2,0,4,2,2
0,16,0.0,1895000,1.12,6,0,3,1,2
0,36,0.0,1388000,0.82,5,0,1,0,2
0,21,0.0,2650000,1.57,5,0,1,0,1
0,42,16.299999999999997,1549000,0.92,5,0,1,1,0
0,22,5.900000000000006,3195000,1.89,5,0,2,2,2
0,71,7.0,1999000,1.18,4,0,2,3,4
0,19,9.599999999999994,1988000,1.18,4,0,2,1,1
0,34,4.799999999999997,1418000,0.84,4,0,1,1,1
0,77,11.599999999999994,1299000,0.77,3,0,2,2,1
0,29,3.700000000000003,1035000,0.61,4,0,1,1,1
0,78,0.0,899900,0.53,4,0,1,0,4
0,122,5.700000000000003,1085000,0.64,1,0,2,3,0
0,59,1.9000000000000057,1195000,0.71,4,0,1,1,4
0,153,0.0,7950000,4.71,1,0,6,1,1
0,12,0.0,958000,0.57,6,0,1,0,2
0,86,2.9000000000000057,1698000,1.01,1,0,2,1,1
0,188,11.200000000000003,1198000,0.71,11,0,2,6,1
0,147,0.0,2095000,1.24,1,0,1,0,1
0,45,5.799999999999997,895000,0.53,1,0,3,5,0
0,217,16.200000000000003,1499000,0.89,10,0,1,3,1
0,37,0.0,799000,1.02,5,0,2,0,2
0,27,0.0,999900,1.28,5,0,2,0,4
0,84,10.799999999999997,659000,0.84,2,0,3,6,0
0,85,0.0,1525000,1.95,3,0,1,0,1
0,4,0.0,650000,1.23,6,0,1,0,0
0,14,0.0,550000,1.04,6,0,5,1,1
0,202,4.099999999999994,539888,1.02,7,0,2,5,0
0,17,4.599999999999994,514000,0.97,5,0,1,1,1
0,36,3.5999999999999943,539000,1.02,5,0,3,1,1
0,67,6.200000000000003,1275000,2.42,4,0,1,2,2
0,63,3.4000000000000057,1449000,2.75,2,0,2,1,1
0,63,9.5,360000,0.68,4,0,2,2,4
0,37,0.0,1395000,2.64,5,0,1,0,1
0,15,0.0,1199999,2.27,6,0,1,0,1
0,54,0.0,975000,1.85,4,0,1,0,1
0,42,8.799999999999997,775000,1.47,4,0,4,5,2
0,31,0.0,699999,0.59,5,0,1,0,0
0,35,0.0,1399000,1.18,5,0,2,3,1
0,17,0.0,989000,0.84,6,0,1,0,0
0,47,0.0,1295000,1.1,5,0,1,0,0
0,45,0.0,1175000,0.99,5,0,5,8,0
0,49,0.0,1749000,1.48,5,0,1,0,1
0,20,1.2999999999999972,1850000,1.56,7,0,1,1,1
0,86,0.0,1224000,1.04,3,0,5,6,0
0,42,0.0,2795000,2.36,5,0,2,1,0
0,55,0.0,799000,0.68,4,0,2,0,1
0,70,0.0,899999,0.76,4,0,1,0,1
0,66,4.400000000000006,1099000,0.93,1,0,2,1,2
0,71,2.799999999999997,1045000,0.88,3,0,2,1,1
0,49,0.0,2475000,2.09,5,0,7,4,1
0,27,3.200000000000003,949000,0.8,3,0,4,2,1
0,156,7.099999999999994,999000,0.84,1,0,4,3,1
0,27,0.0,1469900,1.24,5,0,3,1,0
0,87,0.0,2295000,1.94,3,0,1,0,1
0,213,7.099999999999994,1625000,1.37,10,0,3,11,0
0,31,0.0,890000,1.19,5,0,1,0,2
0,101,6.099999999999994,890000,1.19,3,0,2,5,0
0,34,0.0,910000,1.02,5,0,2,3,2
0,57,0.0,999000,1.12,4,0,2,0,0
0,11,3.0,940000,1.06,4,0,2,1,1
0,23,0.0,1579000,1.78,5,0,1,0,1
0,49,2.0999999999999943,798000,0.9,4,0,1,1,1
0,15,7.200000000000003,1995000,2.25,4,0,4,4,2
0,26,0.0,795000,0.9,5,0,2,0,1
0,116,6.099999999999994,1295000,1.46,2,0,2,4,0
0,70,0.0,1487000,1.67,4,0,5,1,1
0,58,4.099999999999994,1150000,1.3,3,0,1,1,1
0,108,23.5,1299000,1.46,2,0,1,2,3
0,187,1.7999999999999972,785000,0.88,8,0,1,2,1
0,421,11.799999999999997,1499000,1.69,2,0,3,7,2
0,34,2.9000000000000057,834000,1.56,3,0,2,2,1
0,23,0.0,535000,0.74,5,0,7,9,3
0,27,0.0,575000,0.8,5,0,1,0,0
0,23,0.0,569901,0.79,5,0,4,4,0
0,25,4.5,935000,1.29,5,0,1,1,2
0,63,5.799999999999997,895000,1.24,3,0,1,1,1
0,252,9.400000000000006,625000,0.87,2,0,1,3,0
0,6,0.0,3525000,2.69,6,0,2,1,1
0,13,9.599999999999994,4695000,3.58,5,0,2,3,1
0,29,1.0999999999999943,790000,0.6,4,0,2,3,1
0,27,0.0,1299000,0.99,5,0,3,0,3
0,76,10.099999999999994,895000,0.68,3,0,1,4,0
0,22,0.0,835000,0.64,5,0,1,0,3
0,17,0.0,795000,0.61,6,0,3,1,2
0,28,0.0,780000,0.59,5,0,1,0,0
0,20,0.0,3300000,2.51,5,0,4,1,5
0,20,0.0,1700000,1.3,5,0,1,0,1
0,53,0.0,499900,0.38,4,0,3,7,4
0,48,0.0,625000,0.48,5,0,2,1,1
0,35,0.0,3200000,2.44,5,0,2,6,2
0,15,0.0,797000,0.61,6,0,1,0,0
0,13,0.0,2995000,2.28,6,0,2,1,0
0,26,0.0,2195000,1.67,5,0,1,0,0
0,23,4.299999999999997,2199000,1.68,5,0,3,2,1
0,25,3.799999999999997,1250000,0.95,5,0,3,2,3
0,26,6.200000000000003,1055000,0.8,4,0,1,1,1
0,57,0.0,825000,0.63,4,0,2,0,1
0,67,0.0,699000,0.53,4,0,2,0,2
0,41,9.099999999999994,1750000,1.33,5,0,6,5,3
0,21,4.5,950000,0.72,5,0,1,5,2
0,72,0.0,7500000,5.71,4,0,4,1,1
0,29,5.5,1725000,1.31,5,0,1,1,1
0,248,33.400000000000006,4995000,3.81,10,0,2,2,0
0,120,0.0,5375000,6.42,2,0,1,0,5
0,57,8.599999999999994,3195000,3.81,3,0,8,4,1
0,97,0.0,1675000,2.0,3,0,3,2,2
0,136,0.0,4300000,5.13,2,0,1,0,1
0,398,14.200000000000003,2399000,2.86,4,0,1,3,1
0,34,0.0,1390000,1.26,5,0,2,0,1
0,37,4.799999999999997,950000,0.86,5,0,4,1,1
0,61,6.799999999999997,1188000,1.08,4,0,1,2,0
0,77,0.0,6288000,5.72,4,0,3,0,2
0,205,4.099999999999994,1180000,1.07,10,0,1,2,1
0,59,12.700000000000003,1388000,1.26,1,0,1,1,0
0,23,0.0,4700000,4.35,5,0,3,0,2
0,57,0.0,1198000,1.11,4,0,5,15,1
0,84,0.0,1526000,1.41,3,0,3,22,0
0,26,0.0,1980000,1.83,5,0,1,0,2
0,93,0.0,2280000,2.11,3,0,2,0,2
0,121,5.0,948000,0.88,1,0,1,2,1
0,17,0.0,1599000,1.48,6,0,1,0,0
0,35,3.0999999999999943,1550000,1.44,4,0,3,6,0
0,45,6.5,1588000,1.47,4,0,1,1,1
0,47,0.0,2298000,2.13,5,0,2,0,0
0,79,0.0,2299000,2.13,4,0,2,1,1
0,148,0.0,1288000,1.19,1,0,1,0,0
0,205,18.299999999999997,1795000,1.66,10,0,1,3,0
0,201,11.5,998000,0.92,11,0,1,4,1
0,232,5.799999999999997,2448000,2.27,10,0,4,14,2
0,219,8.799999999999997,2398000,2.22,7,0,1,2,0
0,389,16.0,1580000,1.46,5,0,3,5,1
0,285,16.400000000000006,2998000,2.78,5,0,5,6,2
0,387,10.200000000000003,1426000,1.32,3,0,1,5,1
0,15,0.0,739000,0.84,6,0,1,0,2
0,42,0.0,1180000,1.34,5,0,2,2,0
0,62,4.299999999999997,2380000,2.71,3,0,2,1,1
0,21,0.0,3888888,4.42,5,0,1,0,0
0,56,4.200000000000003,948000,1.08,4,0,2,2,0
0,132,0.0,848000,0.96,2,0,1,0,1
0,120,10.299999999999997,3488000,3.97,2,0,2,1,1
0,105,8.400000000000006,1548000,1.76,2,0,2,2,1
0,140,0.0,1098000,1.25,1,0,1,0,2
0,232,0.0,950000,1.08,10,0,2,1,4
0,244,9.900000000000006,1396000,1.59,7,0,1,2,0
0,185,13.900000000000006,3399000,2.21,11,0,5,12,1
0,57,0.0,1788000,1.16,4,0,4,0,1
0,7,0.0,1288000,0.84,6,0,2,0,2
0,260,11.799999999999997,2988000,1.94,7,0,6,5,0
0,42,0.0,2888000,1.88,5,0,4,3,1
0,54,7.0,2599000,1.69,4,0,6,4,1
0,98,0.0,1388000,0.9,3,0,4,3,1
0,76,0.0,1399000,0.91,4,0,1,0,1
0,75,10.099999999999994,999500,0.65,1,0,2,4,3
0,75,9.599999999999994,1899000,1.23,1,0,1,1,0
0,57,10.5,1699000,1.1,4,0,1,1,0
0,77,8.299999999999997,2750000,1.79,3,0,1,1,1
0,105,0.0,2688000,1.75,3,0,4,3,0
0,149,11.799999999999997,5995000,3.9,8,0,3,3,0
0,185,18.099999999999994,2990000,1.94,10,0,6,4,3
0,170,14.900000000000006,3395000,2.21,5,0,1,2,2
0,7,0.0,5600000,4.01,6,0,2,0,2
0,41,0.0,1199000,0.86,5,0,1,0,0
0,101,0.0,1045000,0.75,3,0,4,3,2
0,43,0.0,2980000,2.13,5,0,5,3,3
0,21,0.0,1200000,0.86,5,0,1,0,0
0,41,3.9000000000000057,1488000,1.06,4,0,1,1,1
0,60,5.5,1299000,0.93,4,0,2,3,1
0,43,13.5,950000,0.68,4,0,1,1,0
0,43,0.0,3498000,2.5,5,0,2,1,2
0,42,0.0,3570000,2.55,5,0,6,2,2
0,61,2.0999999999999943,2328000,1.67,4,0,1,1,1
0,128,10.400000000000006,1299000,0.93,1,0,1,3,0
0,48,0.0,1498000,1.07,5,0,2,0,1
0,37,0.0,950000,0.68,5,0,3,0,1
0,97,0.0,842000,0.6,3,0,3,0,2
0,80,6.299999999999997,1499000,1.07,2,0,2,3,0
0,158,11.799999999999997,1499000,1.07,11,0,1,2,0
0,68,5.900000000000006,1599000,1.14,3,0,1,1,0
0,210,7.099999999999994,1299000,0.93,11,0,1,1,1
0,284,28.200000000000003,2150000,1.54,7,0,1,4,0
0,41,5.0,1899000,1.36,4,0,3,6,0
0,386,10.5,1090000,0.78,4,0,1,5,0
0,193,2.9000000000000057,1795000,1.28,6,0,1,1,1
0,14,0.0,799999,1.43,6,0,3,4,1
0,20,0.0,729000,1.3,5,0,1,0,0
0,8,0.0,939000,1.68,6,0,1,0,0
0,16,0.0,829999,1.48,6,0,1,0,1
0,13,5.900000000000006,799000,1.43,5,0,1,1,0
0,17,0.0,1499888,2.68,6,0,1,0,1
0,18,0.0,939000,1.68,6,0,1,0,1
0,21,0.0,789000,1.41,5,0,1,0,0
0,74,3.5999999999999943,1299000,2.32,3,0,1,2,2
0,19,1.2000000000000028,849000,1.52,5,0,2,2,0
0,61,0.0,699888,1.25,4,0,5,8,2
0,75,0.0,699900,1.25,4,0,1,0,0
0,60,4.5,849000,1.52,4,0,2,1,0
0,49,2.700000000000003,650000,1.16,4,0,2,3,2
0,57,0.0,929000,1.66,4,0,3,2,1
0,79,0.0,699999,1.25,4,0,2,1,0
0,11,4.400000000000006,649000,1.16,4,0,2,2,0
0,15,0.0,729000,1.3,6,0,2,1,1
0,99,6.900000000000006,679000,1.21,2,0,1,3,2
0,63,14.0,858000,1.53,4,0,1,3,1
0,23,0.0,889000,1.17,5,0,1,0,1
0,42,0.0,5495000,7.23,5,0,4,0,2
0,10,0.0,929000,1.22,6,0,2,3,2
0,29,0.0,539000,0.71,5,0,2,0,1
0,16,6.900000000000006,538000,0.71,5,0,1,1,0
0,16,0.0,879000,1.16,6,0,2,0,1
0,41,5.0,949000,1.25,4,0,2,1,2
0,50,0.0,1495000,1.97,5,0,2,0,0
0,30,0.0,1399000,1.84,5,0,1,0,1
0,33,4.599999999999994,1038880,1.37,5,0,1,2,1
0,56,0.0,1898000,2.5,4,0,1,0,0
0,15,0.0,1299000,1.71,6,0,1,0,0
0,93,8.700000000000003,1095000,1.44,2,0,2,3,0
0,58,8.599999999999994,950000,1.25,2,0,1,1,0
0,164,12.299999999999997,1425000,1.88,10,0,1,1,0
0,189,7.599999999999994,2399000,2.67,10,0,1,2,1
0,8,0.0,1050000,1.1,6,0,1,0,0
0,10,0.0,2100000,2.2,6,0,2,2,0
0,21,2.299999999999997,860000,0.9,4,0,1,1,3
0,31,0.0,1498000,1.57,5,0,1,0,1
0,66,11.799999999999997,705000,0.74,3,0,1,2,0
0,36,0.0,1525000,1.6,5,0,2,6,0
0,26,6.099999999999994,1150000,1.2,4,0,2,1,1
0,57,5.700000000000003,1599000,1.67,3,0,2,4,1
0,36,0.0,1388000,1.45,5,0,1,0,1
0,107,19.400000000000006,998000,1.05,2,0,1,2,1
0,55,1.5,1399000,1.46,4,0,1,1,1
0,68,11.700000000000003,1049000,1.1,3,0,3,5,1
0,146,0.0,1098000,1.15,1,0,3,1,1
0,28,0.0,2199000,2.3,5,0,4,1,0
0,142,0.0,1098000,1.15,1,0,5,0,0
0,225,10.200000000000003,1525000,1.6,10,0,2,3,1
0,36,0.0,729000,0.98,5,0,3,5,1
0,31,0.0,1349000,1.81,5,0,5,1,1
0,13,0.0,1099888,1.48,6,0,1,0,1
0,15,0.0,1098888,1.48,6,0,1,0,0
0,56,0.0,785000,1.05,4,0,2,1,0
0,42,0.0,829999,1.11,5,0,1,0,1
0,45,0.0,1080000,1.45,5,0,2,0,2
0,187,8.599999999999994,960000,1.29,11,0,1,6,0
0,39,3.799999999999997,999000,1.34,4,0,1,1,0
0,34,0.0,925000,1.24,5,0,1,0,0
0,49,0.0,1350000,1.81,5,0,1,0,1
0,64,8.400000000000006,1125000,1.51,4,0,1,3,2
0,56,2.299999999999997,1258000,1.69,4,0,2,1,1
0,12,3.5999999999999943,799000,1.07,3,0,2,1,1
0,120,8.700000000000003,968000,1.3,2,0,1,2,0
0,69,0.0,1388000,1.86,4,0,3,1,1
0,73,3.5999999999999943,1049800,1.41,3,0,1,1,1
0,45,3.9000000000000057,1298000,1.74,3,0,2,2,1
0,69,7.400000000000006,988800,1.33,3,0,1,2,1
0,63,1.9000000000000057,1058000,1.42,4,0,1,2,0
0,97,0.0,2548000,3.42,3,0,1,0,2
0,106,0.0,2575000,3.46,3,0,1,0,1
0,91,3.5,2499000,3.35,11,0,1,1,1
0,385,13.400000000000006,778000,1.04,5,0,3,10,1
0,7,0.0,899000,1.4,6,0,1,0,0
0,26,0.0,1150000,1.79,5,0,2,3,2
0,11,0.0,1098000,1.71,6,0,4,2,1
0,9,0.0,765000,1.19,6,0,2,4,2
0,48,0.0,495000,0.77,5,0,4,0,0
0,10,0.0,1598000,2.49,6,0,2,0,1
0,33,0.0,699000,1.09,5,0,2,0,1
0,21,0.0,849000,1.32,5,0,3,4,2
0,43,0.0,699988,1.09,5,0,1,0,0
0,52,0.0,1078000,1.68,4,0,5,1,2
0,24,0.0,818888,1.27,5,0,5,2,2
0,12,4.900000000000006,1188000,1.85,5,0,1,1,1
0,58,3.0999999999999943,599000,0.93,3,0,4,5,1
0,36,5.400000000000006,595000,0.93,4,0,3,1,2
0,43,2.700000000000003,708000,1.1,4,0,1,1,0
0,79,0.0,858000,1.33,4,0,1,0,2
0,82,11.599999999999994,749995,1.17,3,0,2,15,2
0,9,0.0,625000,0.97,6,0,1,0,0
0,52,0.0,739000,1.15,4,0,1,0,0
0,80,0.0,1188888,1.85,4,0,1,0,0
0,56,0.0,1288000,2.0,4,0,1,0,1
0,50,0.0,949000,1.48,5,0,1,0,2
0,30,0.0,1195000,1.86,5,0,2,2,1
0,71,0.0,679000,1.06,4,0,1,0,0
0,12,2.200000000000003,929000,1.45,5,0,2,1,0
0,17,0.0,1688800,2.63,6,0,1,0,1
0,80,0.0,1188888,1.85,4,0,1,0,0
0,29,0.0,768000,1.19,5,0,1,0,0
0,110,9.799999999999997,559000,0.87,2,0,1,3,1
0,36,0.0,668000,1.04,5,0,4,1,1
0,309,4.0,2490000,3.87,6,0,4,6,0
0,71,7.599999999999994,720000,1.12,3,0,1,2,1
0,93,0.0,838000,1.3,3,0,3,0,1
0,43,0.0,3290000,5.12,5,0,5,11,2
0,27,13.299999999999997,1299888,2.02,3,0,2,2,2
0,50,0.0,828000,1.29,5,0,2,0,1
0,195,14.299999999999997,445001,0.69,12,5,2,15,2
0,77,6.099999999999994,824888,1.28,3,0,2,4,1
0,50,2.799999999999997,899000,1.4,4,0,4,2,2
0,70,0.0,948000,1.47,4,0,2,0,0
0,53,8.799999999999997,1995000,3.1,3,0,4,2,3
0,197,0.0,995000,1.55,12,0,2,1,0
0,123,0.0,898000,1.4,2,0,2,0,0
0,23,5.700000000000003,1178000,1.83,2,0,1,1,0
0,223,6.5,865000,1.35,10,0,2,2,2
0,148,9.099999999999994,698000,1.09,10,0,2,2,2
0,9,0.0,1590000,2.36,6,0,4,9,1
0,19,0.0,1485000,2.21,6,0,2,0,1
0,25,2.299999999999997,859000,1.28,4,0,1,1,2
0,56,0.0,649000,0.97,4,0,3,5,1
0,99,2.799999999999997,824999,1.23,2,0,2,2,2
0,251,25.099999999999994,898000,1.34,8,0,2,5,3
1,80,7.400000000000006,490000,0.29,3,5,1,1,1
1,179,6.599999999999994,765000,0.45,11,5,1,1,1
1,107,10.5,2675000,1.58,1,5,3,1,3
1,79,1.5999999999999943,1570000,0.93,2,5,4,2,3
1,96,3.799999999999997,1150000,0.68,1,5,1,0,2
1,79,3.4000000000000057,952000,0.56,2,5,3,1,4
1,56,0.0,1095000,0.65,3,5,3,5,2
1,407,19.400000000000006,1490000,0.88,3,4,1,4,2
1,179,10.900000000000006,2650000,1.57,11,4,1,0,2
1,336,11.099999999999994,1555000,0.92,5,4,2,2,3
1,70,2.0,1495000,0.89,2,4,2,2,2
1,222,30.799999999999997,1100000,0.65,9,4,1,3,1
1,30,15.099999999999994,509250,0.3,3,4,7,2,1
1,366,10.099999999999994,1780000,1.05,4,4,2,2,3
1,37,0.0,2845000,1.69,3,4,3,18,2
1,310,19.700000000000003,1040000,0.62,6,4,1,3,2
1,156,16.099999999999994,1080000,0.64,11,4,1,3,2
1,435,11.400000000000006,2836000,1.68,2,4,2,5,3
1,167,7.0,1460000,0.87,10,4,1,0,2
1,70,0.5999999999999943,795000,0.47,2,4,1,0,4
1,413,9.700000000000003,1650000,0.98,2,4,1,2,3
1,186,14.400000000000006,1280000,0.76,10,4,2,2,4
1,67,0.5,1242000,0.74,1,3,4,3,2
1,165,19.5,926000,0.55,10,3,1,0,1
1,167,10.200000000000003,2510000,1.49,10,3,2,3,4
1,128,6.200000000000003,985000,0.58,11,3,4,1,2
1,65,2.9000000000000057,1164000,0.69,1,3,2,0,2
1,250,5.299999999999997,3215000,1.9,7,3,2,0,1
1,275,13.799999999999997,1205000,0.71,5,3,1,1,2
1,163,12.599999999999994,785000,0.47,9,3,1,1,2
1,161,19.799999999999997,1137000,0.67,9,3,1,2,2
1,274,9.900000000000006,1485000,0.88,5,2,1,2,2
1,93,2.799999999999997,923000,0.55,11,2,1,0,1
1,220,20.099999999999994,1275000,0.76,7,2,1,1,1
1,120,15.299999999999997,470000,0.28,10,2,4,8,4
1,281,19.5,845000,0.5,5,2,1,4,3
1,139,10.799999999999997,847000,0.5,9,1,2,3,2
1,240,11.099999999999994,885000,0.52,5,1,1,3,1
1,210,15.700000000000003,993000,0.59,6,1,1,3,1
1,243,12.200000000000003,2525000,1.5,5,1,4,1,1
1,119,10.5,850000,0.5,9,1,1,1,2
1,292,30.400000000000006,870000,0.52,3,1,1,6,1
1,306,14.700000000000003,1705000,1.01,3,1,1,2,2
1,171,17.0,1450000,0.86,7,12,1,2,3
1,168,17.299999999999997,850000,0.5,7,12,1,2,2
1,187,10.5,715000,0.42,7,1,1,2,3
1,373,29.5,1480000,0.88,12,12,1,4,2
1,174,17.299999999999997,950000,0.56,6,12,1,1,1
1,257,19.0,1337200,0.79,3,12,2,3,2
1,78,4.5,1217500,0.72,9,12,1,0,1
1,269,18.599999999999994,2035000,1.21,3,12,4,6,2
1,253,15.700000000000003,1475000,0.87,3,12,1,2,2
1,90,6.0,930000,0.55,9,12,1,0,1
1,84,13.5,2075000,1.23,9,11,1,1,2
1,103,1.7000000000000028,1175000,0.7,8,11,1,0,1
1,281,23.700000000000003,1140000,0.68,2,11,1,5,2
1,468,51.9,1300000,0.77,8,11,4,1,3
1,206,16.799999999999997,2160000,1.28,4,11,2,4,2
1,106,15.400000000000006,1100000,0.65,8,11,2,1,1
1,145,9.599999999999994,2575000,1.53,6,11,1,1,2
1,163,3.799999999999997,1202500,0.71,5,11,1,0,1
1,173,9.0,3175000,1.88,4,10,1,1,2
1,184,16.299999999999997,1422500,0.84,4,10,2,3,3
1,119,16.700000000000003,990000,0.59,6,10,1,1,1
1,101,0.0,1298000,0.77,6,10,1,0,1
1,175,5.599999999999994,1600000,0.95,4,10,1,0,1
1,243,0.0,1999000,1.18,2,10,2,0,2
1,122,7.5,2400000,1.42,6,10,1,0,3
1,168,16.900000000000006,1620000,0.96,4,9,1,2,2
1,113,8.400000000000006,870000,0.52,6,9,1,0,4
1,226,8.900000000000006,2000000,1.19,2,9,5,7,8
1,127,8.5,1418000,0.84,5,9,2,1,3
1,118,11.200000000000003,755000,0.97,2,6,2,2,1
1,79,0.0,699000,0.89,3,5,1,0,2
1,54,0.0,849000,1.09,4,5,3,0,4
1,73,4.299999999999997,837500,1.07,2,4,2,0,2
1,92,0.0,995000,1.27,1,4,1,0,3
1,200,22.599999999999994,600000,0.77,9,4,1,3,1
1,70,3.5999999999999943,525200,0.67,1,4,1,0,1
1,57,0.7000000000000028,685000,0.88,2,4,3,5,2
1,72,6.0,675000,0.86,1,3,1,1,1
1,81,3.299999999999997,705000,0.9,1,3,1,1,1
1,97,5.599999999999994,722000,0.92,12,3,1,0,1
1,136,7.099999999999994,650000,0.83,10,3,1,1,1
1,117,2.799999999999997,825000,1.06,10,2,1,0,2
1,81,2.700000000000003,802500,1.03,11,1,1,0,3
1,341,19.0,623900,0.8,2,1,2,6,4
1,98,14.599999999999994,665000,0.85,9,12,1,1,1
1,81,8.0,735000,0.94,9,12,2,1,3
1,83,8.099999999999994,670000,0.86,9,11,1,0,2
1,101,23.099999999999994,500000,0.64,8,11,1,1,1
1,183,7.700000000000003,600000,0.77,5,11,2,4,3
1,109,2.0999999999999943,616000,0.79,7,11,2,4,4
1,142,11.299999999999997,875000,1.12,6,10,1,1,2
1,89,4.700000000000003,1520000,1.94,7,10,2,0,3
1,99,18.099999999999994,630000,0.81,6,10,2,1,1
1,158,5.200000000000003,615000,0.79,4,10,2,2,1
1,232,16.099999999999994,520000,0.67,2,10,1,1,4
1,65,5.0,760000,0.97,7,9,1,1,1
1,246,10.700000000000003,785000,1.49,4,12,1,3,1
1,167,9.299999999999997,635000,1.2,6,12,5,6,3
1,229,17.5,660000,1.25,4,12,1,4,3
1,53,2.4000000000000057,340000,0.64,10,12,1,0,2
1,112,15.0,510000,0.97,8,12,2,5,1
1,75,0.0,1595000,3.02,9,11,2,0,2
1,138,0.5,995000,1.89,7,11,1,0,1
1,135,0.0,499000,0.95,7,11,1,0,1
1,77,0.0,550000,1.04,8,11,2,0,2
1,192,24.799999999999997,790000,1.5,5,11,3,5,3
1,141,5.099999999999994,940000,1.78,6,11,1,1,1
1,120,4.400000000000006,667500,1.27,7,11,1,0,2
1,156,13.099999999999994,765000,1.45,6,11,1,1,3
1,98,2.299999999999997,878000,1.66,8,11,2,0,4
1,217,13.200000000000003,955000,1.81,4,11,1,4,2
1,211,10.799999999999997,445000,0.84,4,10,1,2,1
1,124,6.799999999999997,605000,1.15,6,10,1,1,1
1,325,15.400000000000006,488000,0.93,12,10,1,3,4
1,134,6.400000000000006,622500,1.18,6,10,3,1,1
1,103,4.799999999999997,1190000,2.26,7,10,3,1,3
1,97,11.400000000000006,530000,1.0,7,10,1,2,1
1,111,3.299999999999997,595000,1.13,6,10,1,0,3
1,181,14.5,1150000,2.18,4,10,1,2,2
1,133,6.400000000000006,1403700,2.66,6,10,1,0,2
1,115,1.7000000000000028,737500,1.4,6,10,2,1,3
1,63,2.299999999999997,771180,1.46,8,10,2,0,2
1,69,0.0,500000,0.95,8,10,1,0,1
1,55,0.0,450000,0.85,8,10,2,0,5
1,180,11.599999999999994,573400,1.09,4,10,2,2,2
1,175,7.200000000000003,1575000,2.99,4,10,1,2,4
1,52,1.5999999999999943,615000,1.17,8,10,1,0,1
1,63,8.299999999999997,640000,1.21,8,10,1,1,1
1,334,99.4,3350,0.01,10,9,4,8,4
1,88,1.9000000000000057,705000,1.34,7,9,1,0,2
1,252,3.799999999999997,769000,0.65,9,5,1,1,1
1,202,11.700000000000003,742000,0.63,11,5,1,2,1
1,226,9.400000000000006,860000,0.73,10,5,4,3,4
1,270,9.099999999999994,1450000,1.23,7,3,5,1,3
1,167,9.200000000000003,1270000,1.07,9,2,6,2,3
1,126,1.4000000000000057,730000,0.62,10,2,3,0,2
1,189,27.799999999999997,975000,0.82,8,10,3,7,2
1,197,9.5,950000,0.8,7,1,3,2,3
1,92,1.2999999999999972,610000,0.52,10,1,2,3,3
1,116,5.900000000000006,1125000,0.95,9,1,2,4,3
1,236,10.200000000000003,570000,0.48,5,12,3,1,1
1,352,10.599999999999994,1050000,0.89,1,12,2,2,1
1,245,11.700000000000003,1633000,1.38,4,12,1,2,3
1,106,7.900000000000006,1500000,1.27,8,12,8,11,1
1,172,12.400000000000006,875000,0.74,6,11,1,0,1
1,167,20.5,755000,0.64,6,11,1,3,1
1,204,4.599999999999994,1525000,1.29,4,11,1,0,3
1,255,18.200000000000003,1795000,1.52,2,11,1,3,2
1,192,6.400000000000006,1025000,0.87,4,11,1,0,2
1,167,17.900000000000006,4600000,3.89,5,11,1,0,3
1,271,6.700000000000003,765000,0.65,2,11,1,2,1
1,235,17.599999999999994,1152500,0.97,3,11,2,2,1
1,267,22.400000000000006,970000,0.82,2,10,2,1,2
1,449,19.0,1215000,1.62,2,4,3,5,3
1,232,5.0,950000,1.27,8,4,2,0,3
1,60,0.0,825000,1.1,1,3,1,0,1
1,255,3.200000000000003,605000,0.81,6,2,3,0,2
1,99,1.0,792000,1.06,10,1,1,0,2
1,172,12.200000000000003,860000,1.15,6,11,3,6,2
1,148,5.5,755625,0.85,1,6,3,1,3
1,349,10.5,715000,0.81,6,5,2,4,1
1,92,0.9000000000000057,742000,0.84,2,5,3,5,3
1,91,5.599999999999994,1275000,1.44,2,5,2,1,2
1,80,0.0,649000,0.73,2,5,2,3,1
1,90,10.299999999999997,806000,0.91,1,4,2,1,2
1,72,1.9000000000000057,705500,0.79,2,4,2,0,2
1,285,5.200000000000003,1800000,2.03,4,2,1,0,3
1,287,14.299999999999997,685000,0.77,4,1,1,4,1
1,133,8.700000000000003,855000,0.96,9,1,2,4,2
1,122,1.5999999999999943,753000,0.85,9,1,1,0,2
1,259,3.0,980000,1.1,4,12,3,7,1
1,203,7.900000000000006,726500,0.82,6,12,1,1,1
1,76,5.900000000000006,798000,0.9,10,12,3,2,3
1,198,9.299999999999997,594000,0.67,5,12,1,2,1
1,124,1.5999999999999943,629000,0.71,8,12,1,0,4
1,295,19.5,1035000,1.17,2,11,1,2,3
1,123,6.700000000000003,420000,0.47,7,11,1,0,1
1,244,14.799999999999997,1150000,1.3,3,11,1,4,2
1,141,28.0,540000,0.61,6,10,1,3,2
1,159,2.299999999999997,1336000,1.5,5,10,1,0,2
1,269,92.4,106000,0.12,1,10,3,8,3
1,219,17.599999999999994,700000,1.31,4,11,6,4,2
1,106,0.0,999999,1.38,2,6,2,0,3
1,56,6.700000000000003,390000,0.54,3,5,2,1,2
1,321,19.5,523500,0.72,6,4,3,8,2
1,86,2.700000000000003,1100000,1.52,1,4,4,3,5
1,198,12.700000000000003,610000,0.84,8,3,1,4,1
1,205,5.299999999999997,946000,1.31,8,3,1,4,3
1,266,21.900000000000006,780000,1.08,6,2,3,3,1
1,294,11.5,1300000,1.8,4,2,3,4,2
1,213,2.799999999999997,967000,1.34,7,2,2,1,3
1,250,19.700000000000003,662500,0.92,5,2,1,5,1
1,103,0.0,784900,1.09,10,1,2,1,2
1,84,3.4000000000000057,420000,0.58,10,1,1,0,2
1,240,15.299999999999997,973000,1.35,4,12,1,2,1
1,195,8.0,782000,1.08,5,11,1,1,1
1,155,13.799999999999997,1370000,1.9,5,10,1,0,2
1,89,0.20000000000000284,583500,0.81,7,10,3,0,2
1,87,1.5999999999999943,855000,1.18,7,9,3,3,5
1,78,2.5999999999999943,925000,1.28,7,9,1,0,2
1,314,5.0,4750000,3.62,7,6,3,3,2
1,230,1.2000000000000028,2025000,1.54,10,5,1,0,2
1,282,9.299999999999997,902500,0.69,8,5,2,3,2
1,119,1.5,1675000,1.28,1,5,2,3,3
1,109,0.20000000000000284,827000,0.63,2,5,1,0,2
1,100,2.5,1390000,1.06,2,5,2,0,2
1,105,8.099999999999994,1975000,1.5,2,5,1,0,1
1,351,20.0,1160000,0.88,6,5,2,6,2
1,175,7.400000000000006,647000,0.49,11,5,1,1,3
1,118,1.7000000000000028,952500,0.73,1,5,2,2,4
1,151,0.4000000000000057,945000,0.72,12,5,2,2,2
1,392,18.599999999999994,5900000,4.5,4,5,3,3,1
1,121,6.400000000000006,1100000,0.84,1,5,2,1,2
1,112,7.900000000000006,1100000,0.84,1,5,1,0,1
1,111,4.599999999999994,1335000,1.02,1,5,1,0,1
1,321,25.0,825000,0.63,6,5,1,3,1
1,161,99.5,5000,0.0,11,5,3,1,2
1,92,1.5999999999999943,1195000,0.91,1,5,2,1,2
1,106,5.700000000000003,1555000,1.18,1,4,2,0,2
1,174,20.400000000000006,2900000,2.21,11,4,4,5,2
1,194,5.700000000000003,1085000,0.83,10,4,2,1,3
1,297,22.0,1400000,1.07,6,4,1,3,4
1,316,17.700000000000003,1315000,1.0,6,4,3,3,1
1,65,0.0,1295000,0.99,2,4,1,0,1
1,197,9.799999999999997,947000,0.72,9,4,2,1,2
1,257,8.900000000000006,2300000,1.75,7,4,2,2,3
1,128,7.700000000000003,830000,0.63,11,4,2,3,3
1,106,21.099999999999994,788000,0.6,12,3,1,2,2
1,234,11.0,1780000,1.36,7,3,5,4,3
1,359,24.900000000000006,630000,0.48,3,3,1,5,1
1,174,6.900000000000006,1350000,1.03,9,3,1,1,1
1,257,20.200000000000003,1825000,1.39,6,2,1,2,2
1,133,8.0,643000,0.49,10,2,1,0,1
1,153,6.200000000000003,778000,0.59,9,2,2,1,1
1,104,0.5,825000,0.63,11,2,2,2,1
1,273,19.099999999999994,805000,0.61,5,2,1,2,1
1,357,28.599999999999994,1925000,1.47,2,1,2,4,1
1,190,21.099999999999994,765000,0.58,7,1,1,4,1
1,125,9.200000000000003,907750,0.69,9,1,2,0,3
1,136,6.0,676200,0.52,9,1,1,0,1
1,120,21.299999999999997,1800000,1.37,9,1,2,3,3
1,229,15.400000000000006,1100000,0.84,6,1,2,1,1
1,318,15.799999999999997,2100000,1.6,2,1,4,1,1
1,235,13.099999999999994,1125000,0.86,5,1,2,1,3
1,221,14.400000000000006,1625000,1.24,6,1,2,2,2
1,110,8.599999999999994,960000,0.73,9,1,1,2,2
1,73,3.5999999999999943,795000,0.61,10,12,1,0,1
1,268,27.0,4595000,3.5,3,12,4,8,2
1,276,28.5,1930000,1.47,3,12,1,6,2
1,307,25.099999999999994,785000,0.6,2,12,4,4,2
1,113,7.799999999999997,645000,0.49,8,12,1,0,1
1,112,6.5,1099000,0.84,8,12,2,3,1
1,125,8.0,575000,0.44,8,12,1,1,1
1,96,11.900000000000006,1258000,0.96,9,12,1,1,1
1,90,3.700000000000003,1685000,1.28,9,12,2,0,1
1,152,8.0,2750000,2.1,7,12,3,0,4
1,77,4.799999999999997,570000,0.43,9,12,1,0,1
1,300,13.099999999999994,1065000,0.81,2,12,3,4,3
1,195,18.299999999999997,980000,0.75,5,12,2,5,2
1,204,10.700000000000003,1045000,0.8,5,12,1,3,1
1,84,0.0,1785000,1.36,9,12,1,0,1
1,174,14.200000000000003,600000,0.46,6,11,1,2,1
1,78,2.9000000000000057,825000,0.63,9,11,3,1,4
1,75,5.700000000000003,1400000,1.07,9,11,2,0,2
1,161,2.700000000000003,875000,0.67,6,11,2,0,2
1,239,11.200000000000003,3440000,2.62,4,11,4,1,4
1,113,1.9000000000000057,785000,0.6,8,11,2,3,2
1,203,10.0,1885000,1.44,5,11,1,1,2
1,262,6.0,675000,0.51,2,11,2,4,1
1,249,21.5,2585000,1.97,3,11,2,2,3
1,160,1.2000000000000028,1705000,1.3,6,11,1,0,2
1,224,15.700000000000003,800000,0.61,4,11,3,11,2
1,267,11.799999999999997,4100000,3.12,2,11,3,1,2
1,60,0.0,1050000,0.8,9,11,3,0,3
1,183,9.700000000000003,1170000,0.89,5,10,1,2,1
1,105,0.0,745000,0.57,7,10,3,1,3
1,323,22.299999999999997,835000,0.64,12,10,1,4,2
1,96,4.0,1800000,1.37,7,10,4,0,4
1,149,2.799999999999997,656250,0.5,5,10,3,4,2
1,106,9.799999999999997,1200000,0.91,6,10,1,1,1
1,157,0.0,1019000,0.78,5,10,1,0,4
1,138,5.5,1275000,0.97,5,10,2,3,1
1,203,21.5,530000,0.4,3,10,1,4,1
1,200,8.299999999999997,1100000,0.84,3,10,2,2,2
1,143,14.700000000000003,960000,0.73,5,9,2,5,3
1,121,1.9000000000000057,1300000,0.99,5,9,1,0,1
1,240,7.700000000000003,885000,0.67,1,9,1,0,1
1,83,10.5,760000,0.58,7,9,1,1,1
1,117,8.900000000000006,1685000,1.28,6,9,1,1,2
1,113,4.900000000000006,655000,0.5,5,9,1,1,1
1,111,3.200000000000003,657500,0.5,5,9,1,0,1
1,91,6.5,795000,0.61,6,9,5,5,6
1,104,13.299999999999997,1125000,0.86,6,9,1,2,1
1,139,9.700000000000003,1435000,1.09,5,9,3,1,2
1,76,2.0999999999999943,2150000,2.57,1,4,1,0,3
1,188,6.400000000000006,2335000,2.79,9,4,5,0,3
1,145,9.900000000000006,1500000,1.79,9,1,1,0,3
1,176,8.5,685000,0.82,7,1,1,1,1
1,62,0.9000000000000057,2625000,3.13,11,1,1,0,2
1,71,1.7000000000000028,2900000,3.46,10,12,1,0,2
1,306,23.400000000000006,1800000,2.15,1,12,4,3,3
1,104,4.5,950000,1.13,7,10,1,0,1
1,459,92.1,150000,0.18,7,8,3,6,3
1,207,17.400000000000006,487082,0.58,3,9,2,4,4
1,111,3.5,695000,0.83,6,9,2,2,2
1,177,18.5,1100000,1.0,11,5,1,1,1
1,214,15.200000000000003,1220000,1.11,10,5,3,2,2
1,405,15.5,1010000,0.92,3,5,1,3,2
1,309,24.900000000000006,2020000,1.84,6,5,3,4,2
1,195,13.0,1120000,1.02,10,4,2,0,1
1,376,32.400000000000006,1135000,1.03,4,4,5,7,2
1,119,3.0999999999999943,1550000,1.41,12,4,1,1,2
1,224,12.099999999999994,790000,0.72,8,3,2,1,2
1,217,22.099999999999994,925000,0.84,8,3,2,3,1
1,217,8.900000000000006,800000,0.73,8,3,2,2,1
1,252,21.299999999999997,1800000,1.64,6,2,3,1,1
1,111,5.299999999999997,1136000,1.03,9,1,1,0,1
1,186,23.200000000000003,920000,0.84,7,1,8,9,3
1,301,3.4000000000000057,2300000,2.09,2,12,4,2,2
1,186,1.7000000000000028,590000,0.54,6,12,1,0,1
1,200,28.900000000000006,1265000,1.15,5,12,1,1,1
1,232,14.5,1255000,1.14,3,11,4,3,3
1,186,17.799999999999997,1068000,0.97,5,11,1,4,2
1,123,3.5,915000,0.83,7,11,4,3,2
1,312,25.400000000000006,2200000,2.0,12,10,3,2,2
1,232,3.200000000000003,1198000,1.09,2,10,2,4,2
1,348,7.799999999999997,1475000,1.34,10,10,3,3,1
1,207,21.5,1875000,1.7,3,9,2,2,2
1,84,20.099999999999994,1038000,0.96,3,6,1,0,1
1,88,2.299999999999997,780000,0.72,3,6,1,0,1
1,61,5.299999999999997,945000,0.88,4,6,3,1,2
1,98,5.900000000000006,1200000,1.11,2,5,1,0,4
1,216,15.0,840000,0.78,10,5,1,2,2
1,433,23.099999999999994,1170000,1.08,3,5,1,6,4
1,169,16.400000000000006,1170000,1.08,11,5,4,4,2
1,239,15.599999999999994,1140000,1.06,9,5,2,2,2
1,139,3.5,915000,0.85,12,4,1,0,1
1,300,20.099999999999994,2705400,2.5,6,4,1,2,2
1,300,19.400000000000006,925000,0.86,6,4,1,4,1
1,366,11.099999999999994,1500000,1.39,4,4,3,4,2
1,172,8.900000000000006,910000,0.84,9,3,2,1,1
1,322,3.0999999999999943,630000,0.58,4,2,1,4,3
1,145,6.400000000000006,1355000,1.25,9,2,2,0,1
1,147,10.700000000000003,1339988,1.24,9,2,1,1,1
1,245,38.1,822500,0.76,5,1,4,0,1
1,107,11.099999999999994,855000,0.79,10,1,1,1,2
1,283,18.599999999999994,1300000,1.2,4,1,6,18,2
1,321,0.0,1100000,1.02,2,1,2,4,1
1,148,8.0,1275000,1.18,8,1,1,0,4
1,475,27.700000000000003,1930000,1.79,9,1,3,3,2
1,321,42.2,1150000,1.06,2,1,1,2,1
1,200,17.599999999999994,1400000,1.3,5,11,1,2,2
1,321,28.299999999999997,1900000,1.76,1,11,1,2,3
1,122,8.599999999999994,730000,0.68,7,11,1,1,1
1,142,10.400000000000006,680000,0.63,6,11,1,1,1
1,174,15.5,1120000,1.04,5,11,1,1,2
1,106,8.5,730000,0.68,7,11,2,0,4
1,98,0.0,857000,0.79,7,10,2,0,1
1,411,13.0,999000,0.92,9,10,3,5,3
1,258,12.799999999999997,1525000,1.41,2,10,2,2,1
1,195,8.900000000000006,900000,0.83,4,10,1,1,2
1,86,16.900000000000006,2150000,1.99,7,10,1,0,2
1,143,12.0,1650000,1.53,5,10,1,1,1
1,174,3.299999999999997,955000,0.88,4,10,1,2,1
1,192,10.200000000000003,1247000,1.15,3,9,1,2,1
1,154,9.599999999999994,805000,0.75,4,9,1,0,1
1,196,14.200000000000003,1030000,0.95,3,9,2,2,1
1,81,2.4000000000000057,956000,1.09,3,6,1,0,1
1,133,2.0999999999999943,1467000,1.67,1,5,1,0,2
1,203,27.700000000000003,650000,0.74,10,5,1,1,1
1,134,3.299999999999997,1015000,1.15,12,5,1,0,1
1,195,14.5,930000,1.06,10,5,1,1,1
1,173,11.0,1135000,1.29,11,5,2,11,4
1,106,6.700000000000003,1050000,1.19,1,5,1,0,2
1,219,12.700000000000003,842000,0.96,9,4,2,2,2
1,379,13.200000000000003,1465000,1.67,4,4,1,4,1
1,382,26.5,1462000,1.66,3,4,1,5,1
1,194,5.299999999999997,1325000,1.51,9,4,1,0,1
1,284,67.7,416500,0.47,6,3,2,3,3
1,317,13.299999999999997,1625000,1.85,5,3,1,0,2
1,518,25.099999999999994,1030000,1.17,11,4,1,2,1
1,281,22.400000000000006,842000,0.96,5,2,3,4,1
1,467,99.6,3975,0.0,11,2,2,2,2
1,6,7.099999999999994,1753500,1.99,1,1,3,5,2
1,350,22.200000000000003,3888000,4.42,2,1,3,0,4
1,79,4.799999999999997,760000,0.86,10,1,1,0,1
1,256,2.5,1265000,1.44,5,1,4,1,2
1,198,28.799999999999997,855000,0.97,6,1,1,0,1
1,238,9.400000000000006,940000,1.07,5,1,1,2,1
1,162,12.0,872000,0.99,7,1,1,2,2
1,170,6.400000000000006,925000,1.05,7,1,4,2,3
1,61,9.0,635000,0.72,10,12,1,0,1
1,185,19.400000000000006,750000,0.85,6,12,1,1,1
1,147,4.099999999999994,957500,1.09,6,11,2,3,2
1,70,8.0,735000,0.84,8,10,1,0,1
1,365,22.0,1559000,1.77,10,10,1,4,1
1,182,14.400000000000006,2300000,2.62,4,10,3,1,3
1,164,13.200000000000003,1300000,1.48,4,9,1,1,1
1,81,3.0999999999999943,770000,0.5,2,5,1,0,1
1,367,39.9,2525000,1.64,5,5,1,3,1
1,316,30.200000000000003,550000,0.36,6,4,1,3,1
1,127,0.0,1888000,1.23,11,4,1,0,1
1,526,19.799999999999997,2000000,1.3,10,3,1,0,2
1,143,10.400000000000006,1201000,0.78,10,3,3,2,2
1,151,10.400000000000006,830000,0.54,10,3,1,1,1
1,313,17.099999999999994,1880000,1.22,4,2,2,1,1
1,8,15.700000000000003,4300000,2.8,1,2,2,1,1
1,248,18.5,2690000,1.75,5,1,5,23,2
1,251,17.599999999999994,700000,0.46,5,1,2,4,3
1,352,16.900000000000006,2150000,1.4,1,1,1,2,1
1,151,11.799999999999997,3350000,2.18,8,1,3,2,5
1,166,12.700000000000003,1681000,1.09,7,12,1,1,1
1,252,10.299999999999997,1300000,0.85,4,12,2,4,1
1,189,3.5999999999999943,760000,0.49,5,12,1,0,2
1,410,17.400000000000006,4750000,3.09,10,11,1,0,3
1,206,13.200000000000003,1960000,1.27,5,11,2,0,2
1,345,28.5,2500000,1.63,12,11,1,2,1
1,132,3.5999999999999943,510000,0.33,6,11,1,1,3
1,238,99.6,3500,0.0,3,11,2,3,3
1,68,8.900000000000006,815000,0.53,8,10,3,0,2
1,147,18.799999999999997,2600000,1.69,6,10,2,0,1
1,375,28.299999999999997,3800000,2.47,10,10,2,4,2
1,37,6.0,750000,0.49,9,10,2,0,3
1,175,21.599999999999994,6500000,4.23,4,10,2,0,1
1,245,53.7,1850000,1.2,1,10,1,3,2
1,509,33.900000000000006,1850000,1.2,5,10,1,2,1
1,117,0.0,849000,0.61,1,5,3,4,2
1,278,15.900000000000006,799000,0.57,8,5,3,4,5
1,113,6.599999999999994,1260000,0.9,1,5,2,1,2
1,248,17.799999999999997,1890000,1.35,9,5,1,1,2
1,298,22.099999999999994,1400000,1.0,7,5,1,4,1
1,349,14.200000000000003,3475000,2.49,5,5,3,3,2
1,180,19.400000000000006,4030000,2.88,11,5,6,3,1
1,175,3.200000000000003,1765000,1.26,11,5,1,0,1
1,105,3.0,1550000,1.11,1,5,1,0,1
1,293,9.5,3890500,2.78,7,4,2,0,2
1,188,13.200000000000003,1974500,1.41,10,4,1,2,2
1,377,11.0,1500000,1.07,3,4,1,2,4
1,334,12.200000000000003,1975000,1.41,5,4,1,1,3
1,202,11.400000000000006,1505000,1.08,9,4,1,2,2
1,262,25.900000000000006,2955000,2.11,7,3,1,3,1
1,308,9.400000000000006,3125000,2.24,5,4,1,1,3
1,160,3.9000000000000057,1225000,0.88,10,3,5,1,2
1,62,1.5,1615000,1.16,1,3,1,0,2
1,180,7.299999999999997,1390000,0.99,9,3,2,1,2
1,133,11.599999999999994,1900000,1.36,10,3,1,0,1
1,144,7.099999999999994,1300000,0.93,10,3,2,0,3
1,194,13.099999999999994,868500,0.62,8,3,1,2,2
1,308,15.5,1520000,1.09,4,3,5,3,2
1,168,12.0,1125000,0.81,9,2,1,0,2
1,283,17.400000000000006,1270000,0.91,5,2,1,3,1
1,350,14.599999999999994,1280000,0.92,3,2,2,7,1
1,222,1.5,1210000,0.87,7,2,2,0,3
1,148,3.299999999999997,1545000,1.11,9,2,1,0,2
1,77,3.5,1375000,0.98,11,2,1,0,1
1,317,11.0,3850000,2.75,3,2,2,3,3
1,130,10.0,675000,0.48,9,1,1,1,2
1,269,19.299999999999997,2300000,1.65,4,1,1,1,1
1,123,6.599999999999994,2325000,1.66,9,1,3,4,3
1,104,7.5,1410000,1.01,10,1,3,1,4
1,94,4.900000000000006,1425000,1.02,10,1,1,0,1
1,217,5.0,3800000,2.72,6,1,3,1,1
1,105,2.0,1450000,1.04,9,1,5,0,2
1,244,8.599999999999994,1370000,0.98,5,1,1,1,1
1,174,15.599999999999994,1180500,0.84,7,1,1,1,1
1,259,21.0,1735000,1.24,4,1,1,2,1
1,121,0.0,1200000,0.86,8,12,2,0,2
1,102,13.5,1600000,1.14,9,12,1,1,1
1,92,1.7999999999999972,820000,0.59,9,12,1,0,2
1,174,4.799999999999997,2950000,2.11,6,12,1,0,2
1,188,10.5,4025000,2.88,6,12,2,0,2
1,275,18.099999999999994,1187000,0.85,3,12,1,4,2
1,87,14.5,999000,0.71,9,12,1,0,3
1,140,0.0,1150000,0.82,7,12,1,0,1
1,146,6.799999999999997,2698000,1.93,7,12,2,1,3
1,213,6.599999999999994,1680000,1.2,4,11,2,1,2
1,139,7.599999999999994,1505000,1.08,7,11,4,2,2
1,201,8.700000000000003,1460000,1.04,5,11,1,1,1
1,158,13.400000000000006,1775000,1.27,6,11,1,2,2
1,61,4.5,2100000,1.5,9,11,5,1,3
1,203,13.099999999999994,1325000,0.95,4,11,1,2,1
1,122,0.0,1479000,1.06,7,11,4,0,1
1,130,3.799999999999997,1470000,1.05,6,11,2,1,2
1,162,6.099999999999994,3000000,2.15,5,10,1,0,2
1,182,21.599999999999994,1800000,1.29,4,10,1,2,1
1,141,6.5,1710000,1.22,5,9,1,0,2
1,483,16.599999999999994,1250000,0.89,6,9,2,3,2
1,98,0.0,978000,0.7,6,9,1,0,1
1,96,1.4000000000000057,1527000,1.09,6,9,2,0,2
1,153,7.700000000000003,1410000,1.01,4,9,4,0,2
1,224,19.599999999999994,1125000,0.81,2,9,1,2,1
1,434,15.400000000000006,1935000,1.38,7,9,1,4,2
1,239,3.5999999999999943,750000,1.34,10,6,3,0,2
1,91,7.5,583000,1.04,3,6,1,0,1
1,95,12.099999999999994,781000,1.39,3,6,1,1,2
1,97,9.299999999999997,1025000,1.83,3,6,1,0,1
1,87,0.0,649000,1.16,2,5,1,0,1
1,127,2.0,965000,1.72,12,5,1,0,1
1,239,0.0,619000,1.11,9,5,1,0,1
1,68,6.5,710000,1.27,2,4,1,0,1
1,128,5.5,520000,0.93,12,4,1,0,1
1,334,11.099999999999994,577000,1.03,5,4,2,5,2
1,38,3.0999999999999943,745000,1.33,3,4,4,3,3
1,269,25.700000000000003,430000,0.77,7,4,5,10,4
1,99,2.4000000000000057,770000,1.38,1,4,2,0,3
1,335,5.200000000000003,880000,1.57,5,4,4,3,2
1,215,5.900000000000006,672500,1.2,8,4,1,1,3
1,258,7.200000000000003,630000,1.12,7,4,1,4,1
1,180,0.0,868000,1.55,10,4,1,0,2
1,184,0.9000000000000057,890000,1.59,9,3,1,0,2
1,131,20.700000000000003,475000,0.85,11,3,1,1,1
1,201,12.799999999999997,540000,0.96,9,3,1,3,1
1,137,4.599999999999994,800000,1.43,11,3,2,0,2
1,161,0.20000000000000284,629000,1.12,10,3,1,0,1
1,187,8.200000000000003,825000,1.47,9,3,1,0,3
1,200,13.099999999999994,685000,1.22,9,3,2,6,2
1,146,5.700000000000003,660000,1.18,10,3,1,0,1
1,150,2.5,730000,1.3,10,3,1,0,2
1,143,4.5,654500,1.17,10,3,2,0,2
1,125,4.700000000000003,685000,1.22,11,3,1,1,1
1,136,5.400000000000006,752000,1.34,10,3,2,2,1
1,146,6.299999999999997,655000,1.17,10,3,1,0,1
1,280,11.599999999999994,1015000,1.81,6,3,1,1,1
1,187,11.0,800000,1.43,8,3,4,8,3
1,94,2.0999999999999943,645000,1.15,11,2,2,2,2
1,126,5.900000000000006,930000,1.66,10,2,3,1,2
1,386,9.900000000000006,630000,1.12,2,2,3,3,4
1,239,3.200000000000003,676667,1.21,6,2,1,0,2
1,203,10.0,540000,0.96,8,2,1,2,1
1,81,0.5999999999999943,765000,1.37,11,2,1,0,1
1,260,8.799999999999997,820000,1.46,5,2,1,1,1
1,218,3.799999999999997,788000,1.41,7,2,1,0,1
1,458,10.200000000000003,519000,0.93,11,2,2,0,2
1,175,11.599999999999994,608000,1.09,8,2,3,3,3
1,207,14.099999999999994,540000,0.96,7,2,3,1,2
1,104,7.599999999999994,858000,1.53,10,1,2,0,1
1,139,2.5,662000,1.18,9,1,1,0,2
1,139,6.799999999999997,605000,1.08,8,1,3,2,2
1,210,9.799999999999997,775000,1.38,6,1,1,3,3
1,111,2.9000000000000057,640000,1.14,9,1,2,0,2
1,284,9.599999999999994,650000,1.16,3,1,1,0,1
1,181,11.099999999999994,710000,1.27,7,1,1,1,1
1,280,90.6,1058000,1.89,3,1,1,2,2
1,289,12.299999999999997,1200000,2.14,3,12,3,5,2
1,177,5.700000000000003,895000,1.6,6,12,1,1,2
1,113,0.9000000000000057,731000,1.31,8,12,2,1,2
1,336,10.799999999999997,855000,1.53,1,12,3,2,3
1,319,16.599999999999994,600000,1.07,1,12,1,3,1
1,150,9.0,600000,1.07,7,12,1,0,1
1,190,12.700000000000003,610000,1.09,5,12,1,6,1
1,310,16.799999999999997,998000,1.78,1,12,1,5,1
1,335,9.5,525000,0.94,12,11,1,2,2
1,170,4.0,690000,1.23,6,11,1,2,1
1,118,5.099999999999994,768000,1.37,7,11,2,0,1
1,66,1.2000000000000028,829000,1.48,9,11,1,0,1
1,141,9.599999999999994,920000,1.64,6,11,1,0,1
1,9,5.400000000000006,850000,1.52,10,11,2,5,1
1,122,7.099999999999994,650000,1.16,7,11,1,1,2
1,145,10.900000000000006,845000,1.51,6,10,1,1,2
1,255,6.599999999999994,550000,0.98,2,10,1,1,1
1,84,4.900000000000006,855000,1.53,8,10,1,0,1
1,95,3.700000000000003,625000,1.12,7,10,1,0,1
1,77,1.5999999999999943,972500,1.74,7,10,1,0,2
1,173,10.200000000000003,977500,1.75,4,10,1,1,2
1,169,5.299999999999997,900000,1.61,4,10,2,2,3
1,170,0.0,739000,1.32,4,10,1,0,1
1,16,0.9000000000000057,663000,1.18,9,10,2,0,1
1,119,5.900000000000006,780000,1.39,6,10,1,0,1
1,303,8.099999999999994,918000,1.64,12,10,2,1,1
1,133,0.0,938000,1.68,5,10,1,1,1
1,99,5.099999999999994,835000,1.49,6,9,5,6,1
1,124,4.299999999999997,1080000,1.93,5,9,1,0,2
1,203,1.4000000000000057,630000,1.12,3,9,1,0,2
1,298,10.299999999999997,1075000,1.41,7,5,1,2,1
1,92,3.4000000000000057,1100000,1.45,2,5,5,3,4
1,127,4.099999999999994,1040000,1.37,1,5,1,0,1
1,149,2.9000000000000057,630000,0.83,9,2,1,0,1
1,68,2.9000000000000057,825000,1.09,11,2,1,0,1
1,239,8.400000000000006,750000,0.99,3,11,2,3,3
1,135,6.900000000000006,800000,1.05,6,11,1,1,1
1,118,0.9000000000000057,1367000,1.8,6,10,1,0,1
1,94,3.299999999999997,850000,1.12,6,9,2,1,2
1,154,6.0,845000,1.11,4,9,1,0,1
1,202,7.5,1470000,1.93,3,9,1,1,2
1,112,1.4000000000000057,1380000,1.82,5,9,1,0,2
1,199,19.799999999999997,1800000,2.37,3,9,1,2,1
1,456,28.099999999999994,1150000,1.28,3,6,5,11,2
1,120,1.2999999999999972,660000,0.73,2,6,3,0,2
1,108,6.900000000000006,605000,0.67,2,5,2,4,2
1,254,7.099999999999994,1300000,1.44,9,5,2,2,3
1,91,10.200000000000003,628000,0.7,2,5,1,0,1
1,163,8.799999999999997,2243000,2.49,11,5,1,0,2
1,223,16.0,520000,0.58,9,5,1,2,2
1,187,15.099999999999994,678000,0.75,10,5,1,1,1
1,217,8.400000000000006,1620000,1.8,9,4,2,7,4
1,259,14.700000000000003,610000,0.68,8,4,2,3,1
1,78,12.299999999999997,965000,1.07,1,4,3,6,1
1,237,17.400000000000006,1280000,1.42,8,4,1,3,1
1,371,7.0,1395000,1.55,4,5,1,0,2
1,329,20.700000000000003,1110000,1.23,5,4,1,3,3
1,81,0.7999999999999972,1834000,2.04,1,4,1,0,1
1,225,4.5,1528000,1.7,7,3,1,0,1
1,351,12.700000000000003,2920000,3.24,3,3,1,0,2
1,232,18.700000000000003,1372000,1.52,7,3,1,1,1
1,84,4.099999999999994,2200000,2.44,12,2,2,2,2
1,128,0.0,869000,0.97,10,2,2,2,2
1,170,2.9000000000000057,640000,0.71,8,2,2,3,1
1,119,5.5,585000,0.65,10,2,1,0,2
1,142,13.799999999999997,1550000,1.72,9,1,1,0,1
1,149,12.5,2100000,2.33,8,1,1,0,3
1,211,16.099999999999994,2850000,3.17,6,1,4,8,4
1,261,9.200000000000003,843000,0.94,5,1,1,2,1
1,261,12.5,3500000,3.89,5,1,9,7,1
1,217,15.700000000000003,1475000,1.64,6,1,1,3,1
1,109,1.7999999999999972,820000,0.91,9,1,1,0,1
1,245,4.900000000000006,692500,0.77,5,1,2,2,2
1,92,38.0,930000,1.03,10,1,3,4,2
1,83,0.0,1399500,1.56,10,12,1,0,1
1,182,0.0,660000,0.73,6,12,1,0,1
1,242,1.7999999999999972,2650000,2.94,4,12,2,0,4
1,76,0.0,2088000,2.32,10,12,1,0,3
1,111,0.7999999999999972,868000,0.96,8,12,2,0,3
1,192,4.799999999999997,903000,1.0,5,12,1,1,1
1,210,5.599999999999994,820000,0.91,4,11,1,2,2
1,274,6.200000000000003,1340000,1.49,2,11,1,0,1
1,126,1.5999999999999943,490000,0.54,6,11,1,0,1
1,151,3.9000000000000057,720000,0.8,5,10,2,0,5
1,224,7.599999999999994,600000,0.67,3,10,1,1,1
1,319,3.5,655000,0.73,12,10,3,1,2
1,77,17.0,2400000,2.67,8,10,3,1,3
1,173,0.0,999000,1.11,4,10,4,1,5
1,114,0.5,635000,0.71,6,10,1,0,1
1,103,0.0,900000,1.0,6,10,3,2,3
1,85,2.5999999999999943,720000,0.8,7,10,1,0,3
1,214,10.299999999999997,860000,0.96,3,10,1,4,2
1,304,6.5,1775000,1.97,11,9,6,10,2
1,327,5.0,755000,0.84,11,9,1,2,1
1,92,4.400000000000006,525000,0.58,6,9,1,0,1
1,92,0.0,412000,0.46,6,9,2,0,3
1,139,10.099999999999994,760000,0.84,5,9,1,2,1
1,140,8.799999999999997,1175000,1.23,1,6,2,2,1
1,237,1.9000000000000057,1030000,1.08,10,6,1,1,2
1,169,14.700000000000003,1278000,1.34,12,6,3,7,4
1,82,2.299999999999997,1660000,1.74,3,6,3,0,3
1,400,20.0,1760000,1.84,4,5,4,8,2
1,264,12.0,1398000,1.46,8,5,2,0,1
1,409,22.5,999000,1.05,3,5,1,0,1
1,265,12.299999999999997,963000,1.01,6,3,1,3,1
1,232,5.0,940000,1.26,10,5,1,0,3
1,130,2.299999999999997,878000,1.18,1,5,2,3,1
1,229,8.400000000000006,740000,0.99,10,5,1,1,1
1,389,22.5,775000,1.04,4,5,2,5,3
1,98,4.599999999999994,1095000,1.47,2,5,2,0,2
1,283,8.700000000000003,775000,1.04,7,5,1,3,2
1,196,5.200000000000003,786000,1.06,10,5,1,1,1
1,41,2.299999999999997,770000,1.03,3,5,1,0,1
1,493,11.200000000000003,1410000,1.89,12,5,1,3,4
1,256,13.900000000000006,713000,0.96,8,5,1,4,1
1,239,7.799999999999997,820000,1.1,9,5,1,2,1
1,91,1.0999999999999943,915000,1.23,1,4,1,0,2
1,134,1.4000000000000057,1230000,1.65,12,4,1,0,1
1,37,4.400000000000006,1098000,1.47,3,4,1,1,2
1,184,3.0,900000,1.21,10,4,2,1,4
1,132,2.700000000000003,680000,0.91,12,4,1,0,1
1,134,3.0,1065000,1.43,11,4,2,1,1
1,78,2.299999999999997,1200000,1.61,1,4,4,3,2
1,266,12.700000000000003,1048000,1.41,7,4,1,2,1
1,318,10.900000000000006,765000,1.03,5,4,1,4,3
1,387,7.700000000000003,1550000,2.08,3,4,2,1,3
1,301,4.700000000000003,714000,0.96,6,3,1,3,2
1,344,12.799999999999997,1385520,1.86,4,3,4,7,6
1,237,8.200000000000003,1280000,1.72,8,3,1,0,2
1,213,9.900000000000006,800000,1.07,8,3,2,4,2
1,122,5.599999999999994,990000,1.33,11,3,1,0,2
1,208,8.700000000000003,875000,1.17,7,2,1,2,1
1,271,6.700000000000003,848000,1.14,5,2,1,4,2
1,252,7.700000000000003,900000,1.21,5,1,5,7,4
1,182,8.900000000000006,820000,1.1,7,1,1,2,2
1,62,2.5999999999999943,1537500,2.06,11,1,5,4,4
1,196,5.5,878000,1.18,6,1,1,1,1
1,167,12.0,950000,1.28,7,1,3,5,2
1,124,4.799999999999997,1309500,1.76,9,1,2,1,1
1,161,5.5,850000,1.14,7,1,1,1,1
1,334,35.8,610000,0.82,1,12,1,8,2
1,248,5.900000000000006,920000,1.23,4,12,3,1,2
1,203,10.0,1165000,1.56,6,12,1,1,1
1,242,26.400000000000006,999980,1.34,4,12,1,2,1
1,196,9.200000000000003,1070000,1.44,6,12,1,3,1
1,185,5.799999999999997,800000,1.07,6,12,1,1,2
1,158,3.4000000000000057,675000,0.91,7,12,1,0,1
1,123,2.299999999999997,810000,1.09,8,12,2,0,3
1,93,9.900000000000006,675000,0.91,9,12,2,1,3
1,290,4.5,705000,0.95,2,12,1,1,1
1,244,25.5,960000,1.29,3,11,1,5,2
1,98,0.5999999999999943,870000,1.17,8,11,2,0,2
1,148,4.200000000000003,857500,1.15,7,11,1,0,1
1,139,2.0,1556200,2.09,7,11,2,0,2
1,196,19.900000000000006,880000,1.18,5,11,1,3,1
1,334,5.5,1500000,2.01,12,11,1,2,2
1,202,12.599999999999994,960000,1.29,5,11,1,5,2
1,215,1.7999999999999972,1070000,1.44,4,11,1,0,1
1,111,7.900000000000006,975000,1.31,7,11,2,0,2
1,165,10.0,990000,1.33,6,11,1,1,1
1,172,19.099999999999994,969000,1.3,5,11,1,2,1
1,234,21.5,1019000,1.37,3,11,1,4,1
1,174,3.5,722000,0.97,5,11,1,2,1
1,101,8.599999999999994,630000,0.85,7,11,1,0,1
1,147,5.599999999999994,1024700,1.38,6,11,1,0,1
1,233,10.299999999999997,895000,1.2,3,10,2,4,1
1,208,5.5,850000,1.14,4,10,1,0,2
1,95,1.9000000000000057,930000,1.25,7,10,1,0,1
1,457,5.5,992000,1.33,7,10,2,0,1
1,175,6.299999999999997,749000,1.01,5,10,1,1,1
1,143,9.400000000000006,760000,1.02,5,10,1,2,2
1,159,2.700000000000003,900000,1.21,5,10,2,2,2
1,216,6.400000000000006,897000,1.2,3,10,1,1,1
1,112,0.7999999999999972,991000,1.33,6,10,1,0,3
1,104,5.099999999999994,1162500,1.56,6,10,1,0,2
1,71,4.700000000000003,895000,1.2,7,10,1,0,2
1,133,50.0,650000,0.87,5,10,1,1,1
1,96,0.0,889000,1.19,6,10,1,0,1
1,122,8.299999999999997,999000,1.34,5,9,2,1,2
1,168,0.7000000000000028,1576280,2.12,4,9,4,2,4
1,24,9.0,810000,1.09,8,9,1,0,1
1,157,5.599999999999994,745000,1.0,4,9,1,0,2
1,118,6.299999999999997,539000,0.84,2,6,1,1,3
1,113,4.5,590000,0.92,2,6,1,1,1
1,243,6.599999999999994,690000,1.07,10,6,1,3,1
1,104,3.200000000000003,725000,1.13,2,6,6,2,3
1,217,15.200000000000003,585000,0.91,10,6,1,5,4
1,254,5.099999999999994,730000,1.14,9,5,1,0,1
1,391,12.099999999999994,1300000,2.02,4,5,1,2,1
1,105,3.799999999999997,1250000,1.94,1,5,6,0,3
1,161,6.900000000000006,582000,0.91,11,5,1,0,4
1,126,0.0,658888,1.02,1,5,1,0,1
1,390,8.900000000000006,755000,1.17,4,5,2,3,2
1,95,3.200000000000003,725000,1.13,1,5,2,1,2
1,48,0.0,845000,1.31,3,5,2,1,3
1,59,0.0,488000,0.76,3,5,1,0,1
1,70,3.0,1600000,2.49,2,4,3,6,3
1,68,2.4000000000000057,730000,1.14,2,4,1,0,3
1,209,18.099999999999994,810000,1.26,9,4,1,1,1
1,366,10.099999999999994,978000,1.52,4,4,1,7,2
1,233,8.299999999999997,860000,1.34,8,4,3,1,1
1,174,0.29999999999999716,1144560,1.78,10,4,2,0,3
1,159,23.400000000000006,995000,1.55,11,4,3,1,2
1,136,5.299999999999997,1315000,2.05,11,4,1,0,3
1,59,8.599999999999994,640000,1.0,2,4,1,0,1
1,426,3.700000000000003,1240000,1.93,2,4,2,0,3
1,153,7.5,730000,1.14,10,3,1,2,2
1,86,15.200000000000003,1950000,3.03,1,3,4,5,5
1,23,4.200000000000003,1150000,1.79,3,3,8,1,2
1,392,20.700000000000003,990000,1.54,2,3,4,4,4
1,301,10.799999999999997,890000,1.38,5,3,1,2,1
1,146,0.4000000000000057,696000,1.08,10,3,3,1,4
1,88,3.799999999999997,1250000,1.94,12,3,5,6,6
1,309,13.400000000000006,1472500,2.29,5,3,2,3,3
1,142,6.299999999999997,1195000,1.86,10,3,1,0,1
1,238,12.099999999999994,875000,1.36,7,3,1,3,2
1,316,2.5999999999999943,738000,1.15,4,3,1,0,1
1,129,4.299999999999997,765000,1.19,10,3,1,1,2
1,450,15.200000000000003,1355400,2.11,12,2,1,1,4
1,162,2.0999999999999943,734000,1.14,9,2,2,1,3
1,120,4.599999999999994,780000,1.21,9,1,1,0,1
1,170,6.400000000000006,786500,1.22,7,1,2,3,2
1,109,9.0,660000,1.03,9,12,4,4,1
1,151,52.9,560000,0.87,6,11,1,0,1
1,141,1.7000000000000028,589999,0.92,5,10,3,2,2
1,141,7.400000000000006,675000,1.0,1,6,1,1,1
1,176,6.799999999999997,735000,1.09,11,5,2,2,3
1,169,5.799999999999997,752500,1.12,10,3,1,0,1
1,82,9.299999999999997,498650,0.74,1,3,2,4,2
1,54,0.7000000000000028,862000,1.28,1,3,1,0,3
1,147,0.7000000000000028,1117500,1.66,9,2,1,0,1
1,145,5.5,935000,1.39,9,2,1,0,1
1,143,9.5,660000,0.98,9,2,2,2,3
1,143,4.400000000000006,525000,0.78,9,2,1,0,2
1,265,21.900000000000006,420000,0.62,4,1,2,5,1
1,174,13.299999999999997,727500,1.08,5,11,1,2,3
1,474,99.4,12000,0.02,7,11,1,4,2
1,119,11.700000000000003,565000,0.84,6,10,1,1,1
1,141,7.0,817500,1.22,5,10,1,1,2
1,151,14.900000000000006,510000,0.76,4,9,5,5,4
1,152,3.5,1375000,2.04,4,9,5,4,4
1,174,0.7999999999999972,635000,0.94,3,9,2,1,3
